scenario	round	scheduler	metric	first_timestamp	first_value	target_timestamp	duration_ms	max_value
4	1	kueue	pods-created	1786533687.520	500	1786533689.220	1700	10000
4	1	kueue	pods-scheduled	1786533687.520	436	1786533689.220	1700	10000
4	1	volcano	pods-created	1786533789.024	1058	1786533790.124	1100	10000
4	1	volcano	pods-scheduled	1786533789.124	189	1786533790.724	1600	10000
4	1	yunikorn	pods-created	1786533895.162	997	1786533896.862	1700	10000
4	1	yunikorn	pods-scheduled	1786533895.262	1325	1786533896.962	1700	10000
4	2	kueue	pods-created	1786534001.836	493	1786534003.536	1700	10000
4	2	kueue	pods-scheduled	1786534001.836	88	1786534003.536	1700	10000
4	2	volcano	pods-created	1786534108.776	639	1786534109.876	1100	10000
4	2	volcano	pods-scheduled	1786534108.876	42	1786534110.476	1600	10000
4	2	yunikorn	pods-created	1786534223.583	974	1786534225.283	1700	10000
4	2	yunikorn	pods-scheduled	1786534223.683	1352	1786534225.283	1600	10000
6	1	kueue	pods-created	1786534343.359	359	1786534344.459	1100	10000
6	1	kueue	pods-scheduled	1786534343.359	36	1786534346.659	3300	10000
6	1	volcano	pods-created	1786534463.261	780	1786534464.561	1300	10000
6	1	volcano	pods-scheduled	1786534463.361	728	1786534464.661	1300	10000
6	1	yunikorn	pods-created	1786534589.834	207	1786534591.834	2000	20000
6	1	yunikorn	pods-scheduled	1786534591.934	100	1786534601.034	9100	10000
6	2	kueue	pods-created	1786534641.565	361	1786534649.965	8400	10000
6	2	kueue	pods-scheduled	1786534641.565	36	1786534690.565	49000	10000
6	2	volcano	pods-created	1786534736.192	847	1786534746.292	10100	10000
6	2	volcano	pods-scheduled	1786534736.392	80	1786534752.492	16100	10000
6	2	yunikorn	pods-created	1786534811.840	275	1786534813.740	1900	20000
6	2	yunikorn	pods-scheduled	1786534813.840	120	1786534887.140	73300	10000
